Path,Lcdate,LC3,Ldec,Lmass,Acdate,Atof,TOF,Avinf,Adec,EPprop,EPMassFracLaunch,Neng,P0
337,20340914,26.996371,23.164026,3528.2242,20450914,4017.75,11,7.9829466,57.13755,458.6,0.129980402,2,25
337,20340919,35.172217,23.586468,2957.8354,20440919,3652.5,10,11.616698,49.084387,410.9,0.138919157,2,25
337,20350925,49.260854,17.835781,2126.4962,20460925,4017.75,11,8.5338523,63.656027,861.2,0.40498544,2,25
337,20340720,28.367334,11.508961,3427.4447,20440719,3652.5,10,9.8719898,54.473055,469,0.136836635,2,25
337,20340914,27.060065,23.160639,3523.4938,20450914,4017.75,11,7.9824641,57.136596,452.5,0.128423669,2,25
337,20340723,35.716931,12.785273,2922.3264,20450722,4017.75,11,9.8326251,50.07576,383.9,0.13136794,2,25
337,20340805,29.801691,15.77758,3324.2971,20430805,3287.25,9,12.061754,53.156059,482.8,0.14523371,2,25
337,20340721,28.282202,11.889012,3433.6398,20440720,3652.5,10,9.8658687,54.49535,476.1,0.138657526,2,25
337,20360722,16.767712,12.308158,4353.9499,20470723,4017.75,11,7.0358886,54.727673,639.5,0.146878126,2,25
337,20350929,35.491754,23.319231,2936.9696,20450928,3652.5,10,11.533318,44.632618,396.9,0.135139295,2,25
337,20360722,16.689727,12.545458,4360.7865,20470723,4017.75,11,7.0347943,54.746288,642,0.147221149,2,25
337,20361009,35.678015,23.36879,2924.8535,20461009,3652.5,10,11.637054,46.072616,935.9,0.319981838,2,25
337,20350728,28.498786,13.853992,3417.8951,20460728,4017.75,11,8.1804425,52.301309,436,0.127563892,2,25
337,20350806,35.990456,16.668241,2904.6065,20450806,3652.5,10,12.009133,44.178503,409.9,0.141120665,2,25
337,20350923,27.422857,23.274823,3496.6402,20460922,4017.75,11,7.936687,52.849382,440.4,0.125949476,2,25
337,20350805,29.284755,15.911938,3361.205,20440804,3287.25,9,12.045729,48.64467,481.9,0.143371202,2,25
337,20350929,35.591262,23.321645,2930.4924,20450928,3652.5,10,11.53304,44.628247,392.1,0.13380004,2,25
337,20360922,26.858915,23.186904,3538.449,20470923,4017.75,11,7.9233407,48.406404,460.9,0.130254809,2,25
337,20360928,35.136801,23.302312,2960.1543,20460929,3652.5,10,11.519861,40.096875,408.6,0.138033345,2,25
337,20360725,28.009718,13.564861,3453.5242,20470726,4017.75,11,8.1773389,47.809178,450.5,0.130446458,2,25
337,20360728,28.255965,14.536315,3435.5507,20460729,3652.5,10,9.7845287,45.637722,471.7,0.137299677,2,25
337,20351026,10.75665,26.736931,4907.7576,20461026,4017.75,11,11.45073,39.874009,1300,0.264886758,2,25
337,20360915,13.581413,23.655483,4640.5839,20460915,3652.5,10,11.731227,39.774807,1011.7,0.218011358,2,25
337,20360725,28.099145,13.722407,3446.9889,20470726,4017.75,11,8.1757857,47.821754,447.9,0.129939496,2,25
337,20360813,29.591279,18.044519,3339.2841,20450813,3287.25,9,11.959764,44.198636,482.1,0.144372262,2,25
337,20360729,28.372386,14.812192,3427.0773,20460730,3652.5,10,9.7798632,45.658958,465.6,0.135859206,2,25
337,20250627,45.150955,0.91708686,2351.3666,20360627,4017.75,11,8.5270879,80.082965,133.7,0.056860551,2,25
337,20250622,36.598248,0.97861238,2865.4945,20360621,4017.75,11,10.232522,82.456423,370.7,0.129366851,2,25
337,20250620,36.33577,0.41602593,2882.3409,20360620,4017.75,11,10.239203,82.457195,380.1,0.131871979,2,25
337,20250625,36.648833,1.9101805,2862.2557,20350625,3652.5,10,12.572001,82.363052,410.5,0.143418354,2,25
337,20250801,27.287155,15.670224,3506.6668,20360801,4017.75,11,8.359316,79.552115,469.4,0.13385931,2,25
337,20250928,15.491255,23.450122,4466.9644,20350929,3652.5,10,11.749197,82.229653,1087.8,0.243521081,2,25
337,20260613,28.31965,-2.1765954,3430.9136,20370613,4017.75,11,8.5761329,82.212761,453.1,0.132063949,2,25
337,20260613,28.283448,-2.1400861,3433.5491,20370613,4017.75,11,8.5759845,82.215109,454.8,0.132457695,2,25
337,20260705,37.188285,5.3441976,2827.8685,20360704,3652.5,10,12.475679,80.876967,401.6,0.14201509,2,25
337,20260617,35.731271,-0.44494778,2921.3956,20370617,4017.75,11,10.237604,81.529947,393.9,0.134832818,2,25
337,20260615,28.614836,-1.3963981,3409.4807,20360615,3652.5,10,10.270033,82.44604,470.8,0.138085545,2,25
337,20260810,27.692255,17.673791,3476.7984,20370810,4017.75,11,8.3087907,81.801187,442.3,0.127214739,2,25
337,20260815,35.655726,18.909405,2926.3016,20360814,3652.5,10,12.066815,81.117031,408.5,0.139596001,2,25
337,20270811,27.282336,18.19383,3507.0232,20380811,4017.75,11,8.285245,82.171466,467.4,0.133275423,2,25
337,20280123,29.472583,-6.1373281,3347.7602,20390123,4017.75,11,7.7657132,82.433851,960.5,0.286908244,2,25
337,20270705,36.42552,5.7445885,2876.5731,20370704,3652.5,10,12.453867,77.908153,418.3,0.145416086,2,25
337,20270706,41.343504,6.7048894,2572.1612,20380706,4017.75,11,12.419606,74.265554,359.8,0.139882368,2,25
337,20270623,29.06639,1.1451877,3376.8853,20370623,3652.5,10,10.205912,81.543455,457.8,0.135568715,2,25
337,20270811,35.282687,18.657299,2950.6102,20371026,3728.97,10.20936345,11.515611,78.46924,428.4,0.145190307,2,25
337,20270824,36.222901,20.51351,2889.6058,20370823,3652.5,10,11.984426,78.266811,392.3,0.135762463,2,25
337,20280819,27.531796,19.734508,3488.6064,20390819,4017.75,11,8.2310246,80.445715,442.1,0.126726821,2,25
337,20280823,35.519866,20.797667,2935.1388,20380823,3652.5,10,11.955027,74.673936,411.9,0.140334079,2,25
337,20290128,29.880787,-4.6457346,3318.6762,20400128,4017.75,11,7.725,80.764944,928.9,0.279900763,2,25
337,20280624,28.625951,2.0259082,3408.6757,20380624,3652.5,10,10.175457,78.872221,465.8,0.13665131,2,25
337,20280625,35.836113,2.9750876,2914.5963,20390626,4017.75,11,10.139715,75.376373,386.9,0.132745657,2,25
337,20280818,27.401955,19.758728,3498.1832,20390819,4017.75,11,8.2314735,80.445297,450,0.128638203,2,25
337,20280703,29.715652,5.2819975,3330.4195,20370704,3287.25,9,12.46524,77.881881,495,0.148629925,2,25
337,20281012,14.970097,23.80355,4513.7966,20381012,3652.5,10,11.594722,74.703849,1093,0.242146489,2,25
337,20290820,27.228214,20.229147,3511.0284,20400819,4017.75,11,8.2024777,77.353418,468.1,0.133322761,2,25
337,20290901,36.194613,22.084921,2891.4285,20390902,3652.5,10,11.869215,70.721425,387.6,0.134051387,2,25
337,20290820,27.278688,20.241549,3507.2931,20400820,4017.75,11,8.200427,77.365011,464.9,0.132552366,2,25
337,20280830,23.253146,19.123404,3814.7781,20380830,3652.5,10,15.212994,69.686856,806.2,0.211336015,2,25
337,20290719,10.712432,10.514279,4912.0416,20400718,4017.75,11,10.004094,71.467714,963.9,0.196232051,2,25
337,20290820,27.221901,20.221981,3511.4959,20400819,4017.75,11,8.202868,77.353485,465.8,0.13265002,2,25
337,20290901,36.060351,22.058453,2900.0903,20390902,3652.5,10,11.870742,70.720368,393,0.135513022,2,25
337,20300828,27.427797,21.355895,3496.2755,20410827,4017.75,11,8.1469725,73.729875,443,0.126706262,2,25
337,20300901,35.40583,22.29596,2942.5705,20400831,3652.5,10,11.848069,66.546922,410.8,0.139605831,2,25
337,20300630,28.222479,4.4689406,3437.9907,20410630,4017.75,11,8.4092871,73.291634,452,0.131472142,2,25
337,20310919,18.847414,18.730421,4174.8228,20410918,3652.5,10,9.6702191,67.542968,1054.6,0.252609524,2,25
337,20300705,35.609131,6.8410203,2929.3303,20410705,4017.75,11,10.031192,67.393775,395.2,0.134911382,2,25
337,20300828,27.278477,21.370651,3507.3087,20410827,4017.75,11,8.1465643,73.735948,456.7,0.130213802,2,25
337,20300713,29.622627,8.6780646,3337.0482,20390714,3287.25,9,12.343191,70.274306,494,0.148035021,2,25
337,20300901,35.522149,22.313901,2934.9901,20400901,3652.5,10,11.846627,66.547695,406,0.138330961,2,25
337,20310831,27.297096,21.923897,3505.9315,20420831,4017.75,11,8.1070174,69.757619,460.8,0.131434399,2,25
337,20311022,14.471159,22.914224,4559.013,20411021,3652.5,10,11.444788,62.424155,1079,0.236674034,2,25
337,20310630,28.159631,4.7402515,3442.5738,20420630,4017.75,11,8.3832399,69.238906,459.8,0.133562859,2,25
337,20310904,27.890866,22.307705,3462.224,20410904,3652.5,10,9.6490455,67.878632,462.5,0.133584655,2,25
337,20310706,28.485828,6.1932873,3418.8356,20420705,4017.75,11,8.3628097,69.300965,445.1,0.130190525,2,25
337,20320712,28.446958,8.9664836,3421.6579,20420712,3652.5,10,9.9649893,63.179294,474.1,0.138558563,2,25
337,20310831,27.364716,21.92761,3500.9334,20420831,4017.75,11,8.1088306,69.74642,453.8,0.129622574,2,25
337,20310719,29.690486,10.645943,3332.2118,20400719,3287.25,9,12.271139,66.12989,481.9,0.144618658,2,25
337,20310911,35.850222,23.058504,2913.6822,20410910,3652.5,10,11.752377,62.308025,394.7,0.135464328,2,25
337,20320905,27.105983,22.520394,3520.0865,20430906,4017.75,11,8.0603762,65.65856,463.5,0.131672901,2,25
337,20320910,35.301434,23.224232,2949.3853,20420910,3652.5,10,11.727048,57.937584,409.3,0.13877468,2,25
337,20331210,58.425755,22.532579,1670.4984,20441210,4017.75,11,8.6181153,56.626007,583,0.34899764,2,25
337,20320801,36.711599,15.093663,2858.2401,20420802,3652.5,10,12.109586,57.569987,408.5,0.142920114,2,25
337,20320713,35.76937,9.5584518,2918.9235,20430714,4017.75,11,9.9307847,58.848488,384.1,0.131589608,2,25
337,20320828,13.544409,20.275349,4644.0026,20420828,3652.5,10,11.942921,57.584848,1032.6,0.222351297,2,25
337,20320905,27.128903,22.529506,3518.3866,20430906,4017.75,11,8.0609339,65.650173,456.6,0.129775392,2,25
337,20320725,29.712582,12.414039,3330.6381,20410725,3287.25,9,12.197282,61.876839,491.8,0.147659393,2,25
337,20330912,27.487528,23.006205,3491.8694,20440912,4017.75,11,8.0103173,61.475721,445.2,0.127496177,2,25
337,20330919,35.717702,23.50815,2922.2763,20430920,3652.5,10,11.637568,53.558861,394.2,0.134894842,2,25
337,20330720,28.467799,11.287717,3420.1449,20440720,4017.75,11,8.2523805,60.981496,448,0.130988602,2,25
337,20340717,17.132053,10.39432,4322.1257,20440716,3652.5,10,8.2736313,60.702246,683.5,0.158139778,2,25
337,20330717,28.553357,10.451896,3413.9364,20440717,4017.75,11,8.2610027,60.938149,437.8,0.128239062,2,25
337,20330829,13.397127,20.810059,4657.6309,20430829,3652.5,10,11.913668,53.189102,1016,0.21813665,2,25
337,20330915,35.289968,23.360811,2950.1344,20440915,4017.75,11,9.5140694,54.999499,380.7,0.129044968,2,25
337,20330727,29.433453,13.44954,3350.5579,20420727,3287.25,9,12.154394,57.506002,484.3,0.144543092,2,25
337,20330721,28.821569,11.504156,3394.5292,20430722,3652.5,10,9.8878672,58.901692,455,0.134039206,2,25
357,20340524,45.218197,-8.6199854,2347.5777,20450523,4017.75,11,5.9052717,49.648501,236.2,0.100614348,2,25
357,20340526,48.776191,-9.0848683,2152.3196,20410526,2556.75,7,12.635801,47.676361,218.2,0.101378996,2,25
357,20340525,46.960047,-8.8672814,2250.7196,20420525,2922,8,10.213595,47.600212,227.8,0.101212075,2,25
357,20340524,46.061162,-8.7397264,2300.3948,20430524,3287.25,9,8.3865818,47.850783,231.8,0.100765312,2,25
357,20340524,45.557869,-8.695516,2328.4951,20440523,3652.5,10,6.9877652,48.501858,234.1,0.100537038,2,25
357,20340523,45.182938,-8.618771,2349.564,20450523,4017.75,11,5.9054903,49.649375,237.7,0.101167706,2,25
357,20340526,48.756025,-9.0809911,2153.398,20410526,2556.75,7,12.635711,47.6761,218.5,0.101467541,2,25
357,20340525,46.951329,-8.8601978,2251.1982,20420525,2922,8,10.214191,47.602569,227.8,0.101190557,2,25
357,20340524,46.004616,-8.7691572,2303.5416,20430524,3287.25,9,8.387345,47.85383,234.4,0.101756356,2,25
357,20340524,45.486577,-8.675358,2332.4924,20440523,3652.5,10,6.9883864,48.506463,237.2,0.101693793,2,25
357,20330419,41.74527,-18.830578,2548.2702,20440419,4017.75,11,6.9381498,46.485801,242,0.094966382,2,25
357,20340527,48.985268,-9.0309407,2141.1574,20410526,2556.75,7,12.634424,47.675769,211.4,0.098731649,2,25
357,20340525,46.935362,-8.8954186,2252.0751,20420525,2922,8,10.214165,47.603219,229.3,0.101817208,2,25
357,20340524,46.020733,-8.7484945,2302.6444,20430524,3287.25,9,8.3870233,47.852365,233.2,0.101274865,2,25
357,20340524,45.509549,-8.6893773,2331.2039,20440523,3652.5,10,6.9881067,48.50561,235.7,0.101106557,2,25
357,20350703,51.610776,5.9620674,2003.8226,20460703,4017.75,11,5.3309932,57.276342,224,0.111786343,2,25
357,20350705,55.90794,6.4502822,1789.9093,20420705,2556.75,7,10.712524,50.890095,208.9,0.116709824,2,25
357,20350704,54.121706,6.2719873,1877.2399,20430704,2922,8,8.7383914,51.838707,219,0.116660636,2,25
357,20350704,53.03491,6.1283798,1931.4708,20440703,3287.25,9,7.2704357,53.177803,219.9,0.113851061,2,25
357,20350703,52.351288,6.0746454,1966.0173,20450703,3652.5,10,6.164803,54.982221,217.7,0.110731477,2,25
357,20350703,51.630437,5.9593755,2002.8137,20460703,4017.75,11,5.3307804,57.274585,223.6,0.111642935,2,25
357,20350705,55.813195,6.4572451,1794.4861,20420705,2556.75,7,10.714158,50.894441,211.4,0.117805315,2,25
357,20350704,54.123942,6.2438083,1877.1292,20430704,2922,8,8.7372201,51.834755,216.6,0.115388967,2,25
357,20350704,53.048259,6.1447735,1930.7995,20440703,3287.25,9,7.2699112,53.173336,219.3,0.113579893,2,25
357,20350703,52.323319,6.0618957,1967.4379,20450703,3652.5,10,6.1650829,54.985614,218.8,0.111210626,2,25
357,20360813,60.953929,22.012917,1554.7682,20470814,4017.75,11,5.4633504,66.924949,225.4,0.144973379,2,25
357,20350705,55.898445,6.4591912,1790.3677,20420705,2556.75,7,10.713398,50.893007,209,0.116735797,2,25
357,20360816,66.560354,28.109526,1312.16,20440816,2922,8,8.1549119,59.58296,212.5,0.161946714,2,25
357,20360815,64.882913,28.1124,1382.7941,20450815,3287.25,9,6.9680551,61.795735,214.1,0.154831439,2,25
357,20360815,62.888776,24.3527,1468.9107,20460815,3652.5,10,6.0966184,64.29552,221,0.150451624,2,25
357,20360813,60.973188,22.008261,1553.9022,20470814,4017.75,11,5.4633062,66.925404,225.1,0.144861112,2,25
357,20360816,68.116835,28.109199,1248.0525,20430816,2556.75,7,9.7898386,57.724966,206.7,0.165618033,2,25
357,20360816,66.604387,28.109276,1310.3276,20440816,2922,8,8.1550107,59.581702,211.2,0.161181066,2,25
357,20360815,64.835205,28.112723,1384.8268,20450815,3287.25,9,6.9680577,61.797476,215.9,0.155903973,2,25
357,20360814,62.89623,24.421023,1468.5843,20460815,3652.5,10,6.0967626,64.295608,220.7,0.150280784,2,25
357,20300210,43.823079,-17.667656,2426.9625,20410210,4017.75,11,11.683982,49.523848,236.2,0.0973233,2,25
357,20290209,47.982676,-17.054988,2194.993,20400209,4017.75,11,13.99879,51.890159,336.5,0.15330345,2,25
357,20310205,44.049615,-19.377288,2413.9609,20420204,4017.75,11,8.6254492,54.297902,279.5,0.115784808,2,25
357,20300209,44.020058,-17.82932,2415.6548,20410209,4017.75,11,11.494103,50.081094,269.6,0.11160535,2,25
357,20300210,43.980519,-17.952861,2417.9219,20410210,4017.75,11,11.545927,49.916275,256.5,0.106082831,2,25
357,20310221,41.456625,-19.988072,2565.42,20420220,4017.75,11,9.5667127,48.299262,243.7,0.094994192,2,25
357,20310302,42.95716,-21.567003,2477.0633,20410301,3652.5,10,11.713722,49.032358,336.4,0.135805976,2,25
357,20310220,41.641559,-20.11726,2554.4237,20420220,4017.75,11,9.423558,48.869548,280.2,0.109692061,2,25
357,20310304,43.126743,-21.772017,2467.2009,20410303,3652.5,10,11.795739,48.779576,307.3,0.124554105,2,25
357,20310309,43.189073,-21.830121,2463.5822,20410309,3652.5,10,12.209921,47.824172,239.3,0.097134977,2,25
357,20320311,44.1064,-4.7293263,2410.7086,20430312,4017.75,11,8.1701925,46.23092,387.9,0.160907046,2,25
357,20320403,52.583447,-5.3879738,1954.2475,20410403,3287.25,9,11.75672,48.35265,367.3,0.187949582,2,25
357,20320321,48.976996,1.1841471,2141.5984,20420322,3652.5,10,9.8923075,46.805861,382.2,0.178464833,2,25
357,20320315,44.422384,-4.7842924,2392.6609,20430315,4017.75,11,8.2444162,46.073186,390.2,0.163082031,2,25
357,20320402,53.29545,-4.5293693,1918.3931,20410402,3287.25,9,11.700929,48.494015,362.4,0.188908102,2,25
357,20320316,47.879277,1.2715527,2200.5899,20420317,3652.5,10,9.7552241,47.173688,387.9,0.176270917,2,25
357,20320511,60.309448,14.243513,1583.8831,20430512,4017.75,11,8.6139985,49.121263,316.8,0.200014761,2,25
357,20320408,56.694649,7.4871388,1752.1421,20420408,3652.5,10,10.218744,46.798942,409,0.233428556,2,25
357,20320514,60.931617,14.648071,1555.7718,20430515,4017.75,11,8.6199917,49.26911,318.3,0.204592987,2,25
357,20330419,41.745235,-18.831925,2548.2722,20440419,4017.75,11,6.938153,46.485856,242,0.094966307,2,25
357,20330418,44.322688,-20.232472,2398.3461,20410418,2922,8,12.109067,47.453985,223.4,0.093147524,2,25
357,20330418,42.628272,-19.549023,2496.2613,20420418,3287.25,9,9.9852494,46.583665,235.4,0.094301025,2,25
357,20330419,42.030632,-19.151672,2531.3876,20430419,3652.5,10,8.2859095,46.280202,238.4,0.094177597,2,25
357,20330419,41.750941,-18.928773,2547.934,20440419,4017.75,11,6.9373498,46.464358,243.2,0.095449882,2,25
357,20330418,44.24826,-20.244742,2402.5957,20410418,2922,8,12.11024,47.454045,226.2,0.094148175,2,25
357,20330418,42.681931,-19.552111,2493.123,20420419,3287.25,9,9.9848577,46.583544,233.8,0.093777964,2,25
357,20330419,42.077351,-19.098599,2528.6305,20430419,3652.5,10,8.2864089,46.284805,237.2,0.093805718,2,25
357,20330419,41.732385,-18.896767,2549.0342,20440419,4017.75,11,6.9379028,46.476189,244.1,0.095761759,2,25
357,20330419,42.071527,-19.124057,2528.974,20430419,3652.5,10,8.2867733,46.284637,240.6,0.095137396,2,25
367,20250430,54.399545,-15.123795,1863.5102,20360430,4017.75,11,7.4844612,68.03018,231.1,0.124013273,2,25
367,20250501,58.557777,-16.654718,1664.3531,20330501,2922,8,12.712747,68.207347,211.5,0.1270764,2,25
367,20250501,56.371719,-16.084298,1767.594,20340501,3287.25,9,10.589245,67.877119,219.1,0.123953804,2,25
367,20250430,55.117086,-15.514374,1828.3018,20350501,3652.5,10,8.8764758,67.83415,227.5,0.12443241,2,25
367,20250430,54.34267,-15.131423,1866.3162,20360430,4017.75,11,7.4846007,68.030522,231.6,0.124094727,2,25
367,20250501,58.524303,-16.664931,1665.9101,20330501,2922,8,12.71247,68.207274,211,0.126657495,2,25
367,20250430,56.313169,-16.042515,1770.4032,20340501,3287.25,9,10.590937,67.877595,224.3,0.126694303,2,25
367,20250430,55.107403,-15.499207,1828.7745,20350501,3652.5,10,8.8763385,67.833734,227.5,0.124400247,2,25
367,20250430,54.246829,-15.033471,1871.0501,20360430,4017.75,11,7.4857262,68.030964,231.2,0.123566975,2,25
367,20260514,54.921541,-11.54582,1837.8612,20370514,4017.75,11,6.6259435,70.096543,230.2,0.12525429,2,25
367,20260515,56.668574,-12.034577,1753.3872,20350515,3287.25,9,9.4178516,69.043779,222.2,0.126726145,2,25
367,20260515,55.650982,-11.738936,1802.3363,20360514,3652.5,10,7.8605282,69.488418,225.1,0.124893451,2,25
367,20260514,54.904931,-11.497556,1838.6745,20370514,4017.75,11,6.6259994,70.096153,229.9,0.125035725,2,25
367,20260518,61.940541,-12.782392,1510.7,20330517,2556.75,7,13.923296,68.714774,190.2,0.1259019,2,25
367,20260516,58.465288,-12.404911,1668.657,20340516,2922,8,11.393512,68.77216,213.3,0.127827349,2,25
367,20260515,56.761606,-12.058834,1748.947,20350515,3287.25,9,9.416589,69.043407,219.1,0.12527538,2,25
367,20260514,55.664477,-11.77724,1801.6826,20360514,3652.5,10,7.8612347,69.490288,225.9,0.125382795,2,25
367,20260515,55.034446,-11.450094,1832.3385,20370514,4017.75,11,6.6251942,70.09531,226.1,0.123394231,2,25
367,20260517,61.368795,-12.864767,1536.164,20330517,2556.75,7,13.930873,68.717557,202.5,0.131821863,2,25
367,20260516,58.445046,-12.432757,1669.5998,20340516,2922,8,11.394954,68.773725,214.4,0.128414007,2,25
367,20260515,56.755117,-12.037856,1749.2566,20350515,3287.25,9,9.4165289,69.043068,218.7,0.125024539,2,25
367,20260515,55.703739,-11.709963,1799.7812,20360514,3652.5,10,7.8600533,69.487595,223,0.12390395,2,25
367,20270529,56.128965,-7.0108225,1779.2561,20380528,4017.75,11,5.9749515,73.172072,221.2,0.12432162,2,25
367,20270601,61.827037,-7.7161627,1515.7391,20340601,2556.75,7,12.528342,70.11228,200.2,0.132080778,2,25
367,20270530,59.163906,-7.5363584,1636.2847,20350530,2922,8,10.197366,70.69126,210.8,0.128828437,2,25
367,20270529,57.611457,-7.3588176,1708.6552,20360528,3287.25,9,8.4219242,71.389909,217.6,0.127351615,2,25
367,20270528,56.481712,-7.2233232,1762.323,20370528,3652.5,10,7.0511954,72.213245,228.2,0.129488181,2,25
367,20260515,55.039719,-11.469194,1832.0808,20370514,4017.75,11,6.6254339,70.096113,225.9,0.123302422,2,25
367,20270601,61.623775,-7.7439303,1524.7829,20340531,2556.75,7,12.528703,70.111076,204.6,0.134183037,2,25
367,20270530,58.993386,-7.5513023,1644.157,20350530,2922,8,10.201011,70.695254,217,0.13198253,2,25
367,20270529,57.604026,-7.3148515,1709.0054,20360528,3287.25,9,8.4226376,71.390225,218.4,0.127793628,2,25
367,20280611,57.959452,-2.0118171,1692.2952,20380611,3652.5,10,6.497231,75.710231,220,0.13000096,2,25
367,20280610,57.14285,-1.943502,1730.8124,20390611,4017.75,11,5.5658145,76.867689,223.8,0.129303442,2,25
367,20280614,62.717901,-2.0381042,1476.4008,20350615,2556.75,7,11.352976,72.7255,199.5,0.135125909,2,25
367,20280612,60.308497,-2.0662229,1583.9262,20360612,2922,8,9.2648722,73.642361,209.8,0.132455666,2,25
367,20280611,58.908501,-2.0112989,1648.0828,20370612,3287.25,9,7.6978995,74.634696,216.9,0.131607465,2,25
367,20280611,57.85784,-1.9675836,1697.0639,20380611,3652.5,10,6.4958721,75.704143,220.8,0.130107063,2,25
367,20280610,57.101079,-1.9283662,1732.7945,20390611,4017.75,11,5.5665004,76.868669,225.5,0.130136609,2,25
367,20270601,61.703692,-7.7548061,1521.2241,20340601,2556.75,7,12.525353,70.108866,201.3,0.132327643,2,25
367,20280612,60.327847,-2.0409649,1583.0483,20360612,2922,8,9.2660609,73.644396,210.8,0.133160814,2,25
367,20280611,58.812712,-2.03775,1652.5186,20370612,3287.25,9,7.6968431,74.631305,218.1,0.13198036,2,25
367,20280611,57.975953,-1.8848081,1691.5215,20380611,3652.5,10,6.4942674,75.699215,214.3,0.126690675,2,25
367,20290625,58.565854,3.7021233,1663.9775,20400624,4017.75,11,5.4124358,80.039429,221,0.132814296,2,25
367,20290629,64.147646,3.9425682,1414.2713,20360628,2556.75,7,10.543198,76.035375,203,0.143536816,2,25
367,20290627,61.960911,3.7600732,1509.7965,20370627,2922,8,8.6737081,77.075712,208.8,0.138296784,2,25
367,20290626,60.350125,3.7353683,1582.0377,20380626,3287.25,9,7.2845571,78.12531,218.5,0.138113017,2,25
367,20290625,59.432135,3.7622204,1623.9395,20390626,3652.5,10,6.2245201,79.141243,216,0.133009881,2,25
367,20290625,58.733961,3.7327916,1656.1698,20400625,4017.75,11,5.4107827,80.037749,214.9,0.129757227,2,25
367,20290627,62.037437,3.7920796,1506.4045,20370627,2922,8,8.6719827,77.073238,206.1,0.136815842,2,25
367,20290626,60.476541,3.7740952,1576.3094,20380626,3287.25,9,7.2821568,78.12134,212.9,0.135062317,2,25
367,20290625,59.410659,3.7357613,1624.9262,20390626,3652.5,10,6.2246057,79.1418,216.8,0.133421444,2,25
367,20300709,60.374394,9.4654022,1580.9372,20410709,4017.75,11,5.5099987,81.170285,212.7,0.134540449,2,25
367,20300712,64.058602,10.314946,1418.1051,20380712,2922,8,8.4484397,80.030029,201.7,0.142232053,2,25
367,20300711,62.323794,10.175404,1493.7436,20390711,3287.25,9,7.1894405,80.727067,210.3,0.140787214,2,25
367,20300710,61.132405,9.5268849,1546.7515,20400709,3652.5,10,6.2365353,81.153563,213.3,0.137901919,2,25
367,20300709,60.321014,9.4632558,1583.3583,20410709,4017.75,11,5.5077847,81.169768,211.7,0.133703155,2,25
367,20300714,66.251381,9.9722187,1325.0486,20370713,2556.75,7,10.149023,79.186391,199.1,0.15025864,2,25
367,20300712,64.12879,10.339891,1415.0828,20380712,2922,8,8.4502662,80.032789,201.8,0.142606496,2,25
367,20300711,62.293377,10.203309,1495.0861,20390711,3287.25,9,7.1910258,80.72861,211.9,0.141730968,2,25
367,20300710,61.1298,9.476943,1546.8684,20400710,3652.5,10,6.2367414,81.15392,214,0.138344025,2,25
367,20310725,61.995295,14.743848,1508.272,20420725,4017.75,11,5.8282818,80.533303,213.2,0.141353814,2,25
367,20310729,68.591157,15.662824,1228.785,20380729,2556.75,7,10.17063,81.221257,195.3,0.158937487,2,25
367,20310728,66.201754,15.368797,1327.1239,20390728,2922,8,8.5741363,81.54681,200.6,0.151153935,2,25
367,20310726,64.365872,15.129172,1404.8957,20400726,3287.25,9,7.3946434,81.575269,207.5,0.147697797,2,25
367,20300710,61.158892,9.4808213,1545.5634,20400710,3652.5,10,6.235961,81.153561,212.8,0.13768442,2,25
367,20310725,62.079835,14.7552,1504.5267,20420725,4017.75,11,5.8263804,80.5329,210.1,0.139645245,2,25
367,20300714,66.284179,10.027582,1323.6779,20370713,2556.75,7,10.149017,79.185452,197.1,0.148903294,2,25
367,20310728,66.226148,15.350062,1326.1036,20390728,2922,8,8.5732483,81.546691,200.8,0.15142105,2,25
367,20310727,64.528972,15.179097,1397.9068,20400726,3287.25,9,7.3921389,81.574837,202.6,0.144930978,2,25
367,20310726,62.918731,14.848893,1467.5995,20410725,3652.5,10,6.5059709,81.235915,215.1,0.146565872,2,25
367,20320810,64.15221,19.494205,1414.075,20430810,4017.75,11,6.3191381,79.8953,202.7,0.143344589,2,25
367,20310729,68.623523,15.654993,1227.4749,20380729,2556.75,7,10.172223,81.222039,195,0.158862719,2,25
367,20320812,68.755401,20.163559,1222.1421,20400812,2922,8,8.9951675,81.798709,194.3,0.158983149,2,25
367,20310727,64.458669,15.072598,1400.9174,20400726,3287.25,9,7.3960824,81.57554,207.3,0.147974463,2,25
367,20310726,63.198958,14.996238,1455.3594,20410725,3652.5,10,6.5007398,81.235722,204.4,0.140446408,2,25
367,20310725,61.955205,14.733183,1510.0497,20420725,4017.75,11,5.8286599,80.533391,214.5,0.142048305,2,25
367,20330828,73.624674,23.911137,1031.7525,20400828,2556.75,7,11.208198,82.15143,184.8,0.179112723,2,25
367,20320812,68.622113,20.125395,1227.5319,20400812,2922,8,8.9930776,81.798401,196.5,0.160077306,2,25
367,20320811,66.560102,19.852218,1312.1706,20410811,3287.25,9,7.8457244,81.397202,204.2,0.155620009,2,25
367,20320810,65.134181,19.627802,1372.1099,20420810,3652.5,10,6.9789293,80.740762,206.6,0.150571029,2,25
367,20330825,65.90854,23.01918,1339.414,20440825,4017.75,11,6.9391809,80.163229,206.7,0.154321218,2,25
367,20330826,67.393753,23.256239,1277.6653,20430827,3652.5,10,7.6012485,80.838585,198.7,0.155518037,2,25
367,20330826,65.945839,23.018365,1337.8479,20440825,4017.75,11,6.9392718,80.163334,205.4,0.153530158,2,25
367,20330826,67.358588,23.251796,1279.1128,20430827,3652.5,10,7.6017463,80.838993,199.4,0.155889301,2,25
327,20340830,35.138793,23.758121,2960.0239,20450830,4017.75,11,9.1100216,54.868819,544,0.1837823,2,25
327,20340731,35.926261,12.164621,2908.7587,20450730,4017.75,11,9.2884508,54.170116,510,0.175332522,2,25
327,20340827,17.132821,17.198284,4322.0589,20450826,4017.75,11,11.651759,46.483678,1025.3,0.237224902,2,25
327,20350906,39.321834,24.492081,2694.5798,20460906,4017.75,11,10.602293,44.919438,525.6,0.195058242,2,25
327,20351003,13.893703,27.97111,4611.8156,20461002,4017.75,11,9.307823,49.070606,1186.3,0.25723058,2,25
327,20351005,14.641067,27.966299,4543.5728,20461005,4017.75,11,9.2969783,49.098253,1135,0.249803415,2,25
327,20360806,34.64895,15.106077,2992.2326,20470807,4017.75,11,8.9639037,46.453844,531.8,0.177726825,2,25
327,20250623,38.419429,-0.80272469,2750.4328,20360623,4017.75,11,10.48652,81.375491,498.5,0.181244203,2,25
327,20250721,34.185634,12.57846,3022.9056,20360720,4017.75,11,9.2189105,80.346476,516.9,0.170994423,2,25
327,20250726,38.443915,14.125716,2748.9073,20350726,3652.5,10,12.577148,82.346511,507,0.184436922,2,25
327,20260715,14.864086,4.8915907,4523.3725,20370715,4017.75,11,10.815291,80.85526,1134.2,0.250742118,2,25
327,20260721,31.215382,13.742306,3224.8668,20370721,4017.75,11,8.6278239,81.354399,570.3,0.176844513,2,25
327,20270705,40.574659,3.8222053,2618.2817,20380704,4017.75,11,11.342296,77.381015,491.2,0.187603954,2,25
327,20270730,33.108385,15.649981,3095.0877,20380729,4017.75,11,8.8653097,82.4357,532.7,0.17211144,2,25
327,20280803,38.180898,17.419315,2765.3236,20390803,4017.75,11,10.258731,76.738548,504.9,0.18258261,2,25
327,20280803,38.100541,17.482338,2770.3521,20390804,4017.75,11,10.256711,76.709233,510.3,0.184200413,2,25
327,20290806,31.832964,18.459287,3182.1094,20400806,4017.75,11,8.5792667,78.445877,558.1,0.175386805,2,25
327,20290709,36.678093,4.7382909,2860.3831,20400708,4017.75,11,9.6960378,74.160483,506.2,0.176969302,2,25
327,20290808,35.924668,18.826838,2908.8618,20400808,4017.75,11,9.5055398,75.12861,516.3,0.177492104,2,25
327,20300808,33.101382,19.280855,3095.5609,20410807,4017.75,11,8.8687282,73.44884,560.3,0.181001123,2,25
327,20300723,41.372651,9.959649,2570.4232,20410723,4017.75,11,11.283413,65.540665,473.5,0.184210911,2,25
327,20300819,40.61446,21.103375,2615.8811,20410819,4017.75,11,11.046591,66.296593,497.7,0.190260941,2,25
327,20310817,34.796608,21.045938,2982.4932,20420816,4017.75,11,9.147219,68.107151,533.6,0.178910718,2,25
327,20310307,25.43821,24.383481,3645.4405,20420306,4017.75,11,11.277587,62.663663,1295.5,0.355375434,2,25
327,20320819,36.144968,21.928245,2894.6293,20430820,4017.75,11,9.471177,62.459149,532.1,0.183823193,2,25
327,20320722,36.973153,9.7196311,2841.5549,20430723,4017.75,11,9.6538271,61.715415,505.6,0.177930752,2,25
327,20330826,37.245599,23.085244,2824.2315,20440826,4017.75,11,9.8105531,56.695081,525.8,0.18617454,2,25
327,20330812,44.165038,15.577292,2407.3531,20440811,4017.75,11,12.83204,48.644437,465.1,0.193199743,2,25
3337,20310730,3.724781,4.3354018,5631.4342,20420730,4017.75,11,9.7970329,63.509524,946,0.167985626,2,25
3337,20320804,3.901325,2.4089014,5612.168,20430805,4017.75,11,9.7390434,59.24268,940,0.167493204,2,25
3357,20300404,5.3401047,-24.166631,5457.3465,20410404,4017.75,11,12.210316,47.495018,562.4,0.103053746,2,25
3357,20300404,5.3489856,-24.16869,5456.4028,20410404,4017.75,11,12.211495,47.495648,558.4,0.102338486,2,25
3357,20300520,28.571755,-12.835153,3412.6026,20410519,4017.75,11,11.913882,47.350843,275,0.080583658,2,25
3357,20300519,28.22742,-13.008464,3437.6307,20410519,4017.75,11,11.918638,47.353052,288.3,0.083865902,2,25
3357,20300824,15.614711,18.808971,4455.9294,20410823,4017.75,11,12.962478,50.158822,583.9,0.13103888,2,25
3357,20310819,9.7006297,18.510606,5010.9533,20420819,4017.75,11,10.386543,50.776213,657.6,0.131232514,2,25
3357,20300720,6.5884338,3.3368966,5326.1156,20400719,3652.5,10,14.014514,48.585915,612.2,0.114943055,2,25
3357,20310905,41.114134,22.57375,2585.865,20420905,4017.75,11,11.794945,55.950124,319.6,0.123595006,2,25
3357,20310314,16.229342,-23.17584,4401.3257,20420313,4017.75,11,10.198532,46.649558,299.7,0.06809312,2,25
3357,20310709,9.101113,-27.97178,5070.3678,20410708,3652.5,10,11.610026,47.19283,858.8,0.169376273,2,25
3357,20310314,16.247219,-23.191061,4399.7458,20420314,4017.75,11,10.197078,46.649128,298.8,0.067913014,2,25
3357,20310319,16.615256,-23.354446,4367.3232,20410318,3652.5,10,12.317168,47.555569,302,0.069149909,2,25
3357,20310525,14.719263,-9.9418089,4536.4816,20420524,4017.75,11,9.8174554,46.542224,372.8,0.082178224,2,25
3357,20310527,15.300326,-9.8805446,4484.0746,20410526,3652.5,10,11.861922,47.337452,348.5,0.077719492,2,25
3357,20310622,27.886856,1.0884656,3462.5178,20420622,4017.75,11,10.041831,47.561906,296.7,0.08568909,2,25
3357,20310625,28.095108,1.4334837,3447.2837,20410624,3652.5,10,12.394268,47.623153,291.6,0.084588338,2,25
3357,20310820,10.056173,18.607498,4976.0026,20420819,4017.75,11,10.385458,50.777,628.7,0.126346397,2,25
3357,20311223,6.2830683,24.708553,5357.9561,20411222,3652.5,10,11.994089,50.317737,1300,0.242629834,2,25
3357,20320829,35.355192,21.825591,2945.8747,20430830,4017.75,11,9.5756,57.313409,380.8,0.129265512,2,25
3357,20320710,51.649925,6.7138638,2001.8153,20420710,3652.5,10,11.503346,53.84597,602.7,0.301076728,2,25
3357,20320411,15.737194,-21.479063,4445.0038,20430412,4017.75,11,8.5721763,47.776282,346.6,0.077975186,2,25
3357,20320430,17.487879,-18.747014,4291.2287,20410430,3287.25,9,12.824774,47.671334,327.8,0.076388378,2,25
3357,20320414,16.002952,-20.966554,4421.3737,20420415,3652.5,10,10.439396,47.567396,346.1,0.078278839,2,25
3357,20320411,15.584429,-21.471874,4458.6341,20430412,4017.75,11,8.5719779,47.775939,360.4,0.08083193,2,25
3357,20320429,17.541991,-18.956822,4286.5459,20410429,3287.25,9,12.831507,47.672159,320.5,0.074768825,2,25
3357,20320414,16.059466,-20.989666,4416.3621,20420415,3652.5,10,10.439775,47.567716,341.7,0.077371373,2,25
3357,20320531,28.367448,-7.4393776,3427.4364,20430601,4017.75,11,8.8751735,51.60024,323.2,0.094297884,2,25
3357,20320806,28.795285,15.776289,3396.4274,20410806,3287.25,9,13.105216,50.130346,296.4,0.087268169,2,25
3357,20320126,12.366205,-0.55183855,4753.9696,20420126,3652.5,10,11.80098,50.571606,1163.1,0.244658695,2,25
3357,20320702,15.110382,4.0795331,4501.1504,20430703,4017.75,11,8.208344,47.830816,366.9,0.081512495,2,25
3357,20320708,15.887549,5.4420457,4431.6221,20410708,3287.25,9,12.283831,47.603564,351.7,0.07936146,2,25
3357,20320803,28.035928,15.259093,3451.6078,20420803,3652.5,10,10.490035,50.768261,311.1,0.090131909,2,25
3357,20320801,27.609019,14.894538,3482.9241,20430801,4017.75,11,8.5788343,51.717175,327.5,0.094030186,2,25
3357,20320708,15.812927,5.2986453,4438.2594,20410708,3287.25,9,12.285226,47.60364,357.8,0.08061719,2,25
3357,20320909,5.3457072,22.047632,5456.7512,20420910,3652.5,10,10.252286,50.795546,877.2,0.160754993,2,25
3357,20330829,27.510908,22.508976,3490.1457,20440829,4017.75,11,7.9841481,59.144791,469.2,0.134435648,2,25
3357,20330806,14.946447,16.527615,4515.9314,20430806,3652.5,10,8.5502398,51.689052,457.6,0.101330149,2,25
3357,20340207,34.207215,21.204668,3021.4717,20450207,4017.75,11,6.5507335,53.995219,698.3,0.23111254,2,25
3357,20330601,16.58512,-7.5498886,4369.9707,20420601,3287.25,9,10.910589,50.729133,455.2,0.104165458,2,25
3357,20330527,16.192572,-8.838191,4404.5769,20430528,3652.5,10,8.8954873,51.606241,446.3,0.101326418,2,25
3357,20340714,18.368181,9.0626975,4215.5605,20450714,4017.75,11,7.0510657,61.543226,728.2,0.172740968,2,25
3357,20330815,16.00025,17.94024,4421.6134,20420815,3287.25,9,10.407877,50.764802,431.8,0.097656661,2,25
3357,20330720,29.482355,10.948866,3347.0617,20430720,3652.5,10,9.9170411,57.548772,540.7,0.161544677,2,25
3357,20330804,14.669541,16.223007,4540.9896,20440803,4017.75,11,7.1330532,53.041286,458.6,0.100991202,2,25
3357,20330620,18.725006,-2.7409829,4185.1979,20410620,2922,8,13.564907,50.167599,447.8,0.106996135,2,25
3357,20330601,16.481252,-7.5110533,4379.1056,20420601,3287.25,9,10.910046,50.728865,464.5,0.106071888,2,25
3357,20330806,15.021638,16.6605,4509.1469,20430807,3652.5,10,8.5398609,51.676106,453.8,0.100639879,2,25
3357,20330803,14.615867,16.17835,4545.8601,20440803,4017.75,11,7.1336032,53.039459,465.1,0.102312871,2,25
3357,20330816,16.050139,18.037645,4417.1889,20420816,3287.25,9,10.405177,50.765937,428.7,0.097052675,2,25
3357,20330806,15.022236,16.675397,4509.093,20430807,3652.5,10,8.5478191,51.693305,457.2,0.101395114,2,25
3347,20340910,27.202763,23.096867,3512.913,20450910,4017.75,11,7.9989227,56.333712,388.9,0.110705844,2,25
3347,20340911,27.401268,23.13116,3498.2338,20440911,3652.5,10,9.5598753,54.207378,409,0.116916142,2,25
3347,20350728,17.50074,13.475347,4290.1154,20460727,4017.75,11,7.0642617,59.905507,656.2,0.152956258,2,25
3347,20340422,20.901766,22.445014,4003.7456,20450421,4017.75,11,8.545538,54.865313,1156.6,0.288879493,2,25
3347,20340910,27.202406,23.102111,3512.9395,20450910,4017.75,11,7.9988166,56.334281,387.5,0.110306483,2,25
3347,20340912,27.377427,23.146134,3499.9945,20440911,3652.5,10,9.5591228,54.204713,410,0.117143041,2,25
3347,20350914,35.450519,23.401428,2939.6569,20460914,4017.75,11,9.4016297,47.154613,416,0.141513113,2,25
3347,20351013,11.694936,22.592697,4817.6007,20451012,3652.5,10,11.318455,45.320682,1061.1,0.220254867,2,25
3347,20350917,14.878838,23.369807,4522.0389,20460916,4017.75,11,6.8492232,58.806875,567.7,0.125540716,2,25
3347,20360917,28.118681,23.594675,3445.5624,20470918,4017.75,11,7.8938073,49.574649,472.9,0.137249002,2,25
3347,20360919,28.390081,23.604816,3425.7908,20460919,3652.5,10,9.3734544,47.139292,480.8,0.140347157,2,25
3347,20340118,13.052721,19.273142,4689.6305,20450118,4017.75,11,8.9490503,54.436459,1238.1,0.264008007,2,25
3347,20320914,9.180947,21.845553,5062.4209,20430915,4017.75,11,11.808732,53.872218,1300,0.256794136,2,25
3347,20330926,9.3502681,23.34845,5045.6019,20440925,4017.75,11,9.4880413,54.040772,859.4,0.170326557,2,25
3347,20330927,9.347399,23.311147,5045.8865,20440927,4017.75,11,9.4805502,54.027491,866.5,0.171724037,2,25
3347,20330914,35.854637,23.255185,2913.3961,20430915,3652.5,10,11.736152,52.737343,368.3,0.126416041,2,25
3347,20340910,27.130707,23.049808,3518.2576,20450910,4017.75,11,8.0003397,56.330725,394.1,0.112015675,2,25
3347,20330824,12.801859,19.620583,4713.0551,20430824,3652.5,10,11.953026,53.64654,1019,0.216207954,2,25
3347,20330808,11.156812,16.697873,4869.1327,20440807,4017.75,11,9.7953632,55.130268,972.5,0.199727561,2,25
3347,20330904,34.862352,22.709675,2978.167,20440904,4017.75,11,9.5960905,54.15625,353.4,0.118663594,2,25
3347,20330914,35.746461,23.261302,2920.4098,20430915,3652.5,10,11.735788,52.749142,372.5,0.127550592,2,25
3367,20250711,27.912061,7.7948547,3460.6714,20360710,4017.75,11,9.0807539,73.611115,414.5,0.119774446,2,25
3367,20250522,28.996686,-11.233333,3381.9019,20350523,3652.5,10,11.474798,72.622866,396.9,0.117359998,2,25
3367,20250518,28.882485,-12.28911,3390.1331,20360517,4017.75,11,9.3718418,73.527034,376.1,0.110939597,2,25
3367,20250523,29.140787,-10.859948,3371.5371,20350523,3652.5,10,11.470476,72.624432,390.8,0.115911523,2,25
3367,20250710,27.941238,7.8016452,3458.5349,20360710,4017.75,11,9.0815157,73.611016,412.8,0.119356899,2,25
3367,20250716,28.527966,9.002654,3415.7779,20350717,3652.5,10,11.07411,72.703454,408.1,0.119474981,2,25
3367,20250813,41.572544,17.653328,2558.5238,20360813,4017.75,11,12.148579,78.218992,333.7,0.130426772,2,25
3367,20250716,28.424263,8.8888573,3423.3065,20350717,3652.5,10,11.075041,72.703104,413.7,0.120848075,2,25
3367,20260710,8.7202333,-3.3756803,5108.431,20370709,4017.75,11,8.6117794,77.093564,1145.7,0.224276299,2,25
3367,20260802,13.781331,-5.4566731,4622.1502,20360802,3652.5,10,10.328363,76.115251,1091.3,0.236102237,2,25
3367,20260524,28.123879,-9.2613206,3445.183,20370523,4017.75,11,8.7990131,76.922089,423,0.122780125,2,25
3367,20260727,27.903701,13.200769,3461.2837,20360726,3652.5,10,10.290187,75.989878,442.6,0.127871633,2,25
3367,20260722,27.289528,12.211697,3506.4913,20370722,4017.75,11,8.5031655,77.031687,447.6,0.127648969,2,25
3367,20260606,29.055854,-5.5938166,3377.6433,20360606,3652.5,10,10.638289,75.914379,420.8,0.124583907,2,25
3367,20260723,27.342801,12.263853,3502.5527,20370722,4017.75,11,8.5024894,77.032424,443.6,0.126650486,2,25
3367,20270608,28.054037,-3.5725752,3450.2842,20380608,4017.75,11,8.5514175,79.920708,455.1,0.131902178,2,25
3367,20270807,27.354454,17.13296,3501.6916,20380807,4017.75,11,8.2665143,80.002141,451.2,0.12885201,2,25
3367,20270928,12.150727,23.433366,4774.317,20380927,4017.75,11,9.7278777,81.238061,1116.1,0.233771658,2,25
3457,20310204,41.779875,-19.772399,2546.2191,20420203,4017.75,11,8.6704311,52.643616,275.4,0.10816037,2,25
3457,20310204,41.640197,-19.775578,2554.5045,20420203,4017.75,11,8.6712753,52.639806,280.9,0.109962617,2,25
3457,20310204,45.138639,-19.714123,2352.061,20410203,3652.5,10,10.149037,56.597285,318.1,0.135243091,2,25
3237,20351130,16.469877,27.849416,4380.1071,20461129,4017.75,11,11.007778,41.219242,669.7,0.152895805,2,25
3237,20310720,29.597717,11.854937,3338.8306,20420720,4017.75,11,8.3614553,70.537011,466.3,0.139659676,2,25
3237,20310804,30.386287,16.264513,3282.9162,20400803,3287.25,9,12.185818,67.006395,444.3,0.135336991,2,25
3237,20310730,29.7595,15.146564,3327.2984,20410730,3652.5,10,9.9446809,68.554968,462.2,0.138911496,2,25
3237,20320807,20.081466,20.503297,4071.3734,20430808,4017.75,11,7.1413127,73.250302,488.8,0.120057767,2,25
3237,20320806,19.831073,19.887177,4092.1986,20430807,4017.75,11,7.1434064,73.240087,505.1,0.123429982,2,25
3257,20300219,17.866323,-9.3460575,4258.5651,20410219,4017.75,11,11.366674,50.256765,734.1,0.172382007,2,25
3257,20290413,25.423485,-27.956849,3646.562,20400413,4017.75,11,13.838853,50.818727,768.9,0.210856143,2,25
3257,20300530,6.9897024,-18.34244,5284.5295,20410530,4017.75,11,11.868296,47.30251,978.6,0.185182049,2,25
3257,20300519,34.189486,-11.422222,3022.6498,20410519,4017.75,11,12.345353,47.284166,406.3,0.134418483,2,25
3257,20300428,29.280157,-18.807578,3361.5346,20410427,4017.75,11,12.055365,47.421447,514.8,0.153144341,2,25
3257,20300628,13.763793,0.65528459,4623.7648,20410628,4017.75,11,12.470039,47.807028,704.7,0.152408271,2,25
3257,20310513,19.077988,-18.037779,4155.3357,20420512,4017.75,11,9.961431,46.65576,637.5,0.153417208,2,25
3257,20320421,15.425911,-11.526987,4472.8141,20420421,3652.5,10,10.227436,47.003378,638.9,0.142840723,2,25
3257,20310522,25.274705,-10.488017,3657.9089,20420522,4017.75,11,10.063137,47.004578,462.7,0.126493035,2,25
3257,20310509,19.526862,-20.299001,4117.6083,20410508,3652.5,10,11.983891,47.38714,636,0.154458597,2,25
3257,20310326,19.040314,-17.946682,4158.5148,20420326,4017.75,11,10.272286,46.791264,540,0.129854053,2,25
3257,20310323,20.006942,-16.69613,4077.5616,20410322,3652.5,10,12.27519,47.561359,575.4,0.141113748,2,25
3257,20310603,30.266662,-5.9746737,3291.3534,20420602,4017.75,11,10.227604,47.857262,452.6,0.137511821,2,25
3257,20310322,19.746972,-17.093406,4099.2087,20410321,3652.5,10,12.269407,47.578439,594.7,0.14507678,2,25
3257,20310622,34.676025,0.89724292,2990.4392,20420622,4017.75,11,10.483585,49.531245,433.7,0.145028864,2,25
3257,20310627,35.270839,2.2360716,2951.3845,20410627,3652.5,10,13.062378,49.122298,417.8,0.141560681,2,25
3257,20320419,15.155748,-11.684718,4497.0672,20430420,4017.75,11,8.4416697,47.130142,643.9,0.143182206,2,25
3257,20320425,16.264271,-11.183652,4398.2392,20410426,3287.25,9,12.50805,47.319382,624.4,0.141965903,2,25
3257,20320420,15.339011,-11.686005,4480.6035,20420421,3652.5,10,10.23037,47.002447,643.7,0.143663683,2,25
3257,20320612,20.804537,-1.3926843,4011.7144,20430613,4017.75,11,8.3482728,48.245793,525.6,0.131016306,2,25
3257,20320509,22.363284,-15.802189,3885.4527,20410509,3287.25,9,12.863286,47.840784,499.8,0.12863366,2,25
3257,20320613,20.884587,-1.8334461,4005.1525,20420613,3652.5,10,10.162703,47.85683,530.7,0.132504318,2,25
3257,20320502,21.47746,-17.419407,3956.8168,20430503,4017.75,11,8.5331047,48.208044,517.3,0.130736404,2,25
3257,20320508,22.449924,-16.06276,3878.5269,20410509,3287.25,9,12.866856,47.841085,489.2,0.126130362,2,25
3257,20320420,15.357814,-11.653636,4478.9171,20420421,3652.5,10,10.229548,47.002787,641.3,0.143181931,2,25
3257,20320611,20.60779,-1.8743366,4027.8784,20430612,4017.75,11,8.3523587,48.244146,534.6,0.13272496,2,25
3257,20320616,21.586921,-1.691125,3947.943,20410616,3287.25,9,12.555386,47.81017,510.4,0.129282515,2,25
3257,20320613,21.216258,-1.5934894,3978.0551,20420614,3652.5,10,10.159541,47.857278,507.2,0.127499491,2,25
33357,20300408,2.3011821,15.875193,5788.9883,20410408,4017.75,11,12.182547,47.48475,537,0.092762323,2,25
33357,20290723,16.221381,10.627556,4402.0294,20400723,4017.75,11,13.988571,48.564513,324.2,0.07364785,2,25
33357,20300408,2.2665967,15.944873,5792.8652,20410408,4017.75,11,12.18126,47.484071,540.7,0.093338958,2,25
33357,20300614,1.7445277,20.951967,5851.6757,20410614,4017.75,11,11.744285,47.278376,576.5,0.098518788,2,25
33357,20300711,3.3938578,18.67092,5667.7083,20400710,3652.5,10,14.087601,48.624353,603.1,0.106409852,2,25
33357,20300624,2.0258577,-20.098273,5819.9169,20410624,4017.75,11,11.683507,47.247072,549.3,0.094382791,2,25
33357,20300408,2.3411433,15.750708,5784.5117,20410407,4017.75,11,12.185441,47.486107,532.7,0.092090746,2,25
33357,20300624,2.0417304,-20.120739,5818.1298,20410624,4017.75,11,11.684754,47.247566,547.9,0.094171154,2,25
33357,20300624,2.0464398,-20.139141,5817.5996,20410624,4017.75,11,11.685046,47.247794,546.4,0.093921899,2,25
33357,20300722,6.6909055,-28.007409,3752.0606,20410721,4017.75,11,11.523742,47.16268,674.4,0.179741233,2,25
33357,20300814,7.0172719,-28.049897,3531.4801,20400813,3652.5,10,13.849219,48.434037,583.8,0.165313122,2,25
33357,20311004,15.04187,23.097623,4507.3229,20421004,4017.75,11,10.113763,50.859746,430.7,0.095555612,2,25
33357,20311210,6.8025602,27.925909,3464.624,20411209,3652.5,10,11.215373,47.543829,606.2,0.174968481,2,25
33357,20310715,1.4044143,-11.031286,5890.2817,20420715,4017.75,11,9.9130396,47.550056,547,0.092864829,2,25
33357,20310809,2.625038,-8.0573804,5752.7993,20410808,3652.5,10,12.057085,47.585517,565.4,0.098282587,2,25
33357,20310429,1.6715303,22.378545,5859.942,20420429,4017.75,11,10.359511,47.57066,553.1,0.0943866,2,25
33357,20310526,2.9708335,23.374817,5714.3855,20410526,3652.5,10,12.62672,47.654718,597.8,0.104613173,2,25
33357,20310706,14.939218,4.7652871,4516.5879,20420706,4017.75,11,10.690208,50.812294,446.4,0.098835672,2,25
33357,20310801,2.1699433,9.2370373,5803.7123,20410801,3652.5,10,12.109766,47.588995,609.7,0.10505345,2,25
33357,20310715,1.397606,-11.012999,5891.0569,20420715,4017.75,11,9.9123961,47.55021,548.1,0.093039332,2,25
33357,20310809,2.596296,-7.9620666,5756.0027,20410808,3652.5,10,12.054514,47.585366,569.3,0.098905444,2,25
33357,20310822,6.8377852,28.054915,3781.9321,20420822,4017.75,11,9.7114956,47.595774,718.3,0.189929375,2,25
33357,20310828,6.6465023,28.067977,3737.7764,20410827,3652.5,10,11.931907,47.602815,707,0.189149891,2,25
33357,20320824,2.7821085,3.7958127,5735.3217,20430825,4017.75,11,9.6053671,57.289726,832.4,0.145135712,2,25
33357,20320520,1.2233452,22.45327,5910.9297,20430521,4017.75,11,8.9296154,51.594299,660.1,0.11167448,2,25
33357,20320615,2.0107302,20.739473,5821.6206,20420616,3652.5,10,10.814202,50.765036,713.9,0.122629084,2,25
33357,20320803,1.0994764,-0.23703299,5925.093,20430803,4017.75,11,8.5617654,51.673262,609.7,0.102901338,2,25
33357,20320616,1.965858,20.600043,5826.677,20420617,3652.5,10,10.808608,50.766838,721.1,0.123758362,2,25
33357,20320529,5.3490495,22.587965,5456.396,20430530,4017.75,11,10.202797,57.337736,1050.4,0.192508022,2,25
33357,20320803,1.0946987,-0.30234435,5925.6399,20430803,4017.75,11,8.5618937,51.670911,610.1,0.102959345,2,25
33367,20250501,5.0531356,22.465595,5487.9175,20360501,4017.75,11,10.863337,75.815566,850.2,0.154922154,2,25
33257,20300430,17.333729,-18.39723,4304.5917,20410430,4017.75,11,12.484678,47.316497,571.7,0.132811667,2,25
33257,20300411,15.910422,-21.913832,4429.5893,20410411,4017.75,11,12.622041,47.346879,549.4,0.124029557,2,25
33257,20300701,15.899456,2.8066417,4430.5638,20410701,4017.75,11,12.44613,47.805729,525.5,0.11860793,2,25
33257,20300803,15.922702,14.403014,4428.4983,20410802,4017.75,11,12.738576,49.078655,541.4,0.122253632,2,25
32337,20341005,11.461781,-12.818174,4839.8708,20451005,4017.75,11,11.595808,44.366191,531.6,0.109837643,2,25
32337,20331116,22.806764,28.104329,3850.1045,20441116,4017.75,11,11.312477,49.12633,470,0.122074609,2,25
32337,20360307,7.8747648,2.6462128,5193.8131,20470308,4017.75,11,10.579665,40.563087,403.7,0.077727094,2,25
32337,20321119,5.0997069,28.046032,5482.9459,20431119,4017.75,11,11.326178,53.708276,857.8,0.156448744,2,25
32337,20331112,22.149033,28.114453,3902.62,20441111,4017.75,11,9.2990735,55.24799,521.6,0.133653802,2,25
32337,20331117,22.8143,28.103077,3849.506,20431117,3652.5,10,11.33538,53.61342,519.8,0.135030313,2,25
32337,20330611,15.256115,7.8624724,4488.0443,20440610,4017.75,11,12.462525,48.635728,620.2,0.138189367,2,25
32357,20291110,8.2133583,-27.894461,5159.4709,20401110,4017.75,11,13.158193,48.095227,458.9,0.088943229,2,25
32357,20290730,6.5386007,-27.848811,5331.3003,20400730,4017.75,11,14.004721,48.436589,660.7,0.123928491,2,25
32357,20291110,8.2047895,-27.894646,5160.3376,20401110,4017.75,11,13.157535,48.095136,459.4,0.089025183,2,25
32357,20301205,4.9750914,10.780976,5496.258,20411205,4017.75,11,10.761129,46.825533,433.5,0.078871843,2,25
32357,20301001,22.177219,-0.28340744,3900.358,20400930,3652.5,10,13.443114,48.284125,383.7,0.098375585,2,25
32357,20291110,8.1629014,-27.894378,5164.5759,20401110,4017.75,11,13.160079,48.096145,461.1,0.08928129,2,25
32357,20300413,14.472965,17.32452,4558.8486,20410413,4017.75,11,12.136867,47.48129,491.1,0.107724569,2,25
32357,20300910,3.5029211,-28.110198,5655.7302,20410909,4017.75,11,11.253603,47.013984,638.1,0.112823628,2,25
32357,20301205,4.9287719,10.9136,5501.2134,20411205,4017.75,11,10.758224,46.824582,439,0.079800576,2,25
32357,20300730,22.564024,-27.857845,3869.4211,20400729,3652.5,10,13.995895,48.455196,441.6,0.114125599,2,25
32357,20301205,4.9996788,10.529196,5493.6294,20411204,4017.75,11,10.7644,46.826056,430,0.07827248,2,25
32357,20301001,22.143468,-0.29521798,3903.0666,20400930,3652.5,10,13.444042,48.284699,384.8,0.098589145,2,25
32357,20311228,6.3901003,4.4683479,5346.7768,20421227,4017.75,11,9.6747429,51.241348,739.1,0.138232813,2,25
32357,20310918,15.642119,28.089878,4453.4827,20410917,3652.5,10,11.748042,47.516399,454.3,0.102010052,2,25
32357,20310215,5.853793,15.833366,5403.0015,20420215,4017.75,11,10.342594,46.693055,369.1,0.068313881,2,25
32357,20310215,5.8680442,15.731347,5401.5007,20420215,4017.75,11,10.343532,46.693346,367.5,0.068036648,2,25
32357,20310623,9.0171095,-22.592534,5078.7415,20420623,4017.75,11,9.6923843,46.532668,277.1,0.054560761,2,25
32357,20310625,9.1645674,-22.204773,5064.0505,20410625,3652.5,10,11.71523,47.217913,276.6,0.054620308,2,25
32357,20310625,9.151875,-22.690224,5065.3136,20420624,4017.75,11,9.6910161,46.540511,264.5,0.052217892,2,25
32357,20310626,9.2268996,-22.114253,5057.8516,20410626,3652.5,10,11.710215,47.213419,275.1,0.054390682,2,25
32357,20310623,9.0366384,-22.672555,5076.7937,20420623,4017.75,11,9.6922179,46.532626,276.3,0.054424114,2,25
32357,20310625,9.1408487,-22.107062,5066.4111,20410624,3652.5,10,11.716445,47.219555,278.3,0.054930402,2,25
32357,20320329,5.1106016,2.1182831,5481.7834,20430330,4017.75,11,9.1307844,51.131325,615.8,0.112335704,2,25
32357,20320411,5.8330679,4.2319658,5405.1847,20420411,3652.5,10,11.174533,50.363852,620.7,0.114834189,2,25
32357,20320226,9.5864534,7.3356362,5022.222,20430226,4017.75,11,9.3570296,51.403923,607.4,0.120942483,2,25
32357,20320307,9.5295843,9.1214086,5027.8429,20420307,3652.5,10,11.497155,50.604199,653,0.129876771,2,25
32357,20320329,5.122492,2.1171736,5480.5149,20430330,4017.75,11,9.1306057,51.130597,614.4,0.112106255,2,25
32357,20320425,7.0500131,5.7849146,5278.3039,20410425,3287.25,9,13.967053,49.864605,638,0.120872161,2,25
32357,20320411,5.7853106,4.1890458,5410.2186,20420411,3652.5,10,11.175576,50.366269,624,0.115337299,2,25
32357,20320730,20.562364,-17.256643,4031.6177,20430731,4017.75,11,8.6051589,51.836159,475.6,0.117967534,2,25
32357,20320826,21.656305,-7.9059015,3942.3264,20410826,3287.25,9,12.983806,50.285864,500.2,0.126879398,2,25
32357,20320804,20.999297,-15.143502,3995.7643,20420805,3652.5,10,10.5087,50.901574,463.5,0.115997833,2,25
32237,20300922,18.831019,26.821213,4176.2112,20410922,4017.75,11,9.6641266,68.646878,574.6,0.137588827,2,25
32237,20300730,2.6854916,-3.4508264,5746.0668,20410730,4017.75,11,9.9372891,68.422253,805.3,0.14014804,2,25
32237,20320423,3.0860725,-4.4176968,5701.6355,20430424,4017.75,11,7.4270774,72.242453,665.9,0.116791051,2,25
32237,20320427,3.2482754,-4.7555058,5683.7339,20420427,3652.5,10,8.6849315,69.73453,722.7,0.127152329,2,25
32237,20310510,10.620401,-11.572492,4920.9685,20420510,4017.75,11,8.6357064,70.050011,684.2,0.139037671,2,25
32237,20310510,10.613426,-11.575299,4921.6456,20420510,4017.75,11,8.6358439,70.049669,683.7,0.138916951,2,25
32237,20320423,3.0903552,-4.5665306,5701.1621,20430424,4017.75,11,7.4257348,72.25105,661.5,0.116028976,2,25
32237,20320427,3.2822888,-5.0265865,5679.9854,20420428,3652.5,10,8.6831304,69.7516,722.8,0.127253848,2,25
32237,20320424,3.0999512,-4.6156739,5700.1017,20430424,4017.75,11,7.4255345,72.252022,660.4,0.115857582,2,25
32237,20320427,3.2644172,-5.026319,5681.9543,20420428,3652.5,10,8.6817844,69.758286,724.4,0.127491346,2,25
32257,20291026,13.280156,-3.0051389,4668.4782,20401026,4017.75,11,12.813956,48.966023,556.2,0.119139466,2,25
32257,20290809,20.347086,-27.925579,4049.3762,20400809,4017.75,11,13.824264,48.534653,502.8,0.124167273,2,25
32257,20290809,20.503179,-27.926836,4036.4937,20400808,4017.75,11,13.753781,48.65256,520.9,0.129047644,2,25
32257,20301215,7.2675757,10.958426,5255.8996,20411215,4017.75,11,10.97764,47.078083,527.6,0.100382435,2,25
32257,20301226,8.3716132,12.287811,5143.4879,20401225,3652.5,10,13.426203,47.54144,524.2,0.101915278,2,25
32257,20291122,11.887161,-27.903962,4799.3058,20401122,4017.75,11,13.676399,47.61203,696.7,0.145166828,2,25
32257,20300408,14.744822,21.580637,4534.1658,20410407,4017.75,11,12.162582,47.511093,678.6,0.149663693,2,25
32257,20300522,21.023406,-21.451566,3993.7934,20410522,4017.75,11,12.32747,47.283625,479.2,0.119986177,2,25
32257,20301004,4.720578,-28.033389,5523.5363,20411004,4017.75,11,11.424489,47.131667,589.8,0.10677942,2,25
32257,20301109,3.7996308,-17.108261,5623.2586,20411109,4017.75,11,11.19322,47.095058,620.8,0.110398622,2,25
32257,20311211,5.6687842,7.6060636,5422.5186,20421211,4017.75,11,9.5186028,49.873296,772.2,0.142406151,2,25
32257,20311228,6.2941002,14.747516,5356.8028,20411227,3652.5,10,11.658184,49.335664,793.4,0.148110735,2,25
32257,20301215,7.1893587,11.018826,5263.9446,20411215,4017.75,11,10.977119,47.077997,534.8,0.101596814,2,25
32257,20301225,8.3028749,12.110818,5150.4248,20401225,3652.5,10,13.427618,47.541824,528,0.102515816,2,25
32257,20311005,5.9746136,18.424317,5390.2895,20421004,4017.75,11,9.8704678,49.670286,827.8,0.153572457,2,25
32257,20310906,16.148169,17.93166,4408.5054,20410905,3652.5,10,11.957231,47.791971,520,0.117953808,2,25
32257,20320227,4.484973,0.24109462,5548.8959,20430227,4017.75,11,9.1067962,49.958032,728.9,0.131359466,2,25
32257,20320324,5.7745001,5.4401913,5411.3587,20420324,3652.5,10,11.042485,49.375187,696.4,0.128692264,2,25
32257,20320225,8.5468868,6.6753314,5125.8364,20430225,4017.75,11,9.1303942,50.030139,684.2,0.133480655,2,25
32257,20320229,8.7581081,7.8180749,5104.6349,20420301,3652.5,10,11.216565,49.412918,700,0.137130277,2,25
32257,20320801,20.102664,-16.869284,4069.614,20430802,4017.75,11,8.3922658,50.411645,493.9,0.121362861,2,25
32257,20320928,19.345619,7.5332208,4132.8084,20430929,4017.75,11,8.1340879,50.490989,509,0.123160803,2,25
32257,20321010,20.511412,11.625323,4035.8152,20411011,3287.25,9,12.207465,49.191771,494,0.122404019,2,25
32257,20321001,19.601885,8.4647601,4111.3295,20421001,3652.5,10,9.887475,49.668824,504.9,0.12280699,2,25
333357,20300211,0.001887716,-12.220349,6051.9627,20410211,4017.75,11,12.473667,47.781718,851.3,0.14066511,2,25
333357,20300118,1.0475189,-14.390524,2421.3265,20401027,3935.11,10.77374401,13.32656,48.084496,1266.9,0.523225596,2,25
333357,20291216,0.005248865,2.6541918,6051.5704,20401216,4017.75,11,12.942173,47.900925,763.5,0.126165598,2,25
333357,20310109,7.6079762,27.988066,3582.2717,20420109,4017.75,11,11.903796,50.479037,674.3,0.188232512,2,25
333357,20300203,8.1715423,-28.021058,3752.0609,20410203,4017.75,11,13.505695,47.720816,585.4,0.156020922,2,25
333357,20300212,4.5177285,28.052958,4576.3975,20410211,4017.75,11,12.547934,47.681514,792.6,0.173192997,2,25
333357,20301221,0.043533497,28.157553,6047.1036,20411221,4017.75,11,11.14896,47.569387,755.2,0.124886235,2,25
333357,20310314,0.000297256,-18.625937,6052.1483,20420314,4017.75,11,10.620501,47.530894,648.3,0.107118988,2,25
333357,20301222,0.12676627,-27.90396,6037.4029,20411222,4017.75,11,11.143486,47.569615,825.5,0.136730977,2,25
333357,20320215,0.000373259,28.104907,6052.1409,20430214,4017.75,11,9.4073209,51.328249,845.6,0.139719153,2,25
333357,20310330,0.018511252,-28.072278,6050.0227,20420330,4017.75,11,10.524251,47.532765,764.1,0.126297047,2,25
333357,20310611,2.24535E-05,-27.687112,5038.3386,20410611,3652.5,10,12.502606,47.639977,961.6,0.190856565,2,25
333357,20310501,3.9689544,27.84909,3944.1894,20420501,4017.75,11,10.347492,47.57053,772.7,0.195908442,2,25
333357,20310506,4.1267409,27.85557,3910.3225,20410505,3652.5,10,12.784729,47.669298,764.9,0.195610464,2,25
333357,20320522,0.001615981,-27.070049,6051.9944,20430523,4017.75,11,8.8973535,51.460436,831.6,0.137409248,2,25
332357,20301121,3.5057168,27.891893,4407.0522,20411121,4017.75,11,10.81008,46.856558,632.8,0.143588043,2,25
332357,20300828,1.4348176,-2.8836675,5886.8212,20410828,4017.75,11,11.344749,47.035193,486.5,0.082642225,2,25
332357,20300905,1.7107172,-3.2074946,5855.5034,20410904,4017.75,11,11.301254,47.018347,472.9,0.08076163,2,25
332357,20300828,1.4294241,-2.9282031,5887.435,20410828,4017.75,11,11.344419,47.035182,487.7,0.082837433,2,25
332357,20300829,1.454686,-2.7255224,5884.561,20410829,4017.75,11,11.340452,47.033927,488.5,0.083013839,2,25
332357,20300907,1.5873964,-3.939665,5869.4827,20410907,4017.75,11,11.287165,47.012269,490.4,0.083550804,2,25
332357,20301128,3.9852734,27.905252,4253.1164,20411128,4017.75,11,10.775902,46.839802,540.9,0.127177333,2,25
332357,20301214,5.0887192,27.934371,4063.7203,20401214,3652.5,10,12.981328,47.880591,464.3,0.114254911,2,25
332357,20301127,3.9229305,27.903265,4269.8506,20411127,4017.75,11,10.782304,46.842491,550.7,0.128974068,2,25
332357,20310519,15.701015,-12.850763,4448.2287,20420518,4017.75,11,10.913402,50.368786,411.4,0.092486252,2,25
332357,20311218,0.00050163,15.111461,3972.4116,20421218,4017.75,11,9.6709839,50.920342,741.9,0.186763124,2,25
332237,20310525,0.61890673,-23.38429,5980.3381,20420525,4017.75,11,8.573689,69.904968,799.1,0.133621208,2,25
332237,20310923,1.0911177,28.129397,5926.0499,20420922,4017.75,11,8.1177555,70.693436,913.1,0.154082401,2,25
332257,20300309,2.5449875,4.4239307,5761.7253,20410309,4017.75,11,12.866226,47.402519,764.9,0.132755375,2,25
332257,20300311,2.5260397,-3.229427,5763.8399,20410310,4017.75,11,12.854254,47.399705,759.9,0.131839193,2,25
332257,20300629,16.50137,1.3437722,4377.3351,20410628,4017.75,11,13.034516,49.094542,483.3,0.110409642,2,25
332257,20310916,1.7035377,14.191157,5856.3162,20420916,4017.75,11,9.9722507,49.638582,820.5,0.14010514,2,25
323357,20291030,6.1106158,-27.905413,5376.012,20401030,4017.75,11,13.274989,48.093022,146.9,0.027325088,2,25
323357,20291021,9.5510512,4.8732522,5025.7205,20401021,4017.75,11,13.344496,48.121549,108,0.021489456,2,25
323357,20291021,9.5137438,4.7686887,5029.4095,20401021,4017.75,11,13.344581,48.12144,110.4,0.021950887,2,25
323357,20310203,5.9936158,21.240003,5388.2927,20420203,4017.75,11,11.725931,50.540704,376.6,0.069892268,2,25
323357,20291116,8.2651016,5.0790329,5154.2403,20401116,4017.75,11,13.149263,48.024614,151.8,0.029451479,2,25
323357,20300827,3.4876179,-11.965565,5657.4095,20410827,4017.75,11,12.930627,50.16773,518.1,0.091579017,2,25
323357,20301111,3.7574612,-27.901988,5627.8633,20411111,4017.75,11,12.36003,50.399955,496,0.088132915,2,25
323357,20310204,6.0884667,21.456952,5378.3349,20420203,4017.75,11,11.724146,50.541158,368.8,0.068571409,2,25
323357,20310905,13.712826,-14.195807,4628.4598,20420904,4017.75,11,10.284135,50.791563,616.2,0.13313284,2,25
323357,20310203,6.0126598,21.355337,5386.292,20420203,4017.75,11,11.725209,50.54091,373.9,0.069416957,2,25
323357,20310523,8.1476745,-8.60786,5166.1174,20410523,3652.5,10,12.632215,47.630831,196.6,0.038055659,2,25
323357,20310415,7.5914818,27.834991,5222.6989,20420415,4017.75,11,10.428054,47.535407,522.1,0.099967471,2,25
323357,20310523,8.1473321,-8.6085557,5166.1521,20410523,3652.5,10,12.632218,47.630821,196.6,0.038055403,2,25
323357,20310508,5.4050662,27.83905,5450.4472,20420508,4017.75,11,11.044236,50.598327,364.7,0.066911941,2,25
323357,20310520,6.1836318,27.842364,5368.3606,20410520,3652.5,10,13.799223,50.026864,401.6,0.074808686,2,25
323357,20310825,12.928702,-17.725727,4701.1986,20420825,4017.75,11,10.381351,50.911898,614.8,0.13077516,2,25
323357,20310811,13.761473,-21.909678,4623.9784,20420810,4017.75,11,10.472054,50.898078,367.9,0.07956352,2,25
323357,20310827,16.180871,-19.555803,4405.6117,20410827,3652.5,10,12.981273,50.289163,327.6,0.074359708,2,25
323347,20321218,6.1953443,-27.820851,5367.1341,20431219,4017.75,11,11.137788,53.858128,597.1,0.11125118,2,25
323257,20291023,9.703698,4.6306808,5010.6508,20401023,4017.75,11,13.927396,47.681029,322.3,0.064322982,2,25
323257,20310103,5.4036526,23.462345,5450.5973,20420103,4017.75,11,11.587416,49.272683,668.6,0.122665455,2,25
323257,20291118,8.3935348,4.5187258,5141.2773,20401117,4017.75,11,13.715382,47.622224,368.5,0.071674796,2,25
322337,20321223,10.835811,28.167221,4900.0959,20431224,4017.75,11,11.104867,54.013494,456,0.093059403,2,25
322337,20321119,13.442875,25.486369,4653.3942,20431120,4017.75,11,11.325245,53.818793,636.5,0.136781878,2,25
322337,20330202,11.317634,28.180334,4853.6829,20440203,4017.75,11,10.845503,54.137384,544.7,0.11222406,2,25
322357,20291022,10.075577,2.7337488,4974.1012,20401021,4017.75,11,13.383958,48.065243,118.7,0.023863608,2,25
322357,20291101,7.41196,-27.886119,5241.0773,20401031,4017.75,11,13.2215,48.144347,417.1,0.079582875,2,25
322357,20291022,10.050374,2.9723624,4976.571,20401021,4017.75,11,13.383978,48.065253,119.8,0.0240728,2,25
322357,20310201,5.4425508,21.315927,5446.4697,20420201,4017.75,11,11.75159,50.571187,355.8,0.06532672,2,25
322357,20291122,9.2892822,7.4992655,5051.6542,20401122,4017.75,11,14.087848,47.761922,226.4,0.044817003,2,25
322357,20300811,3.8058626,-9.1515388,5622.5784,20410811,4017.75,11,13.027526,50.037476,793,0.141038496,2,25
322357,20301116,3.40769,-27.885344,5666.1911,20411116,4017.75,11,12.32982,50.440873,490.3,0.086530791,2,25
322357,20301210,3.8493628,1.8179119,5617.8326,20411210,4017.75,11,12.148149,50.479401,447.1,0.079585853,2,25
322357,20310319,7.1309915,15.509114,5269.9551,20420319,4017.75,11,11.425305,50.652005,343,0.065085944,2,25
322357,20310517,9.922096,-10.342353,4989.1579,20410516,3652.5,10,12.682985,47.63529,645.6,0.129400595,2,25
322357,20301212,3.7849258,2.1589907,5624.864,20411211,4017.75,11,12.134716,50.482372,460.7,0.081904202,2,25
322357,20310423,12.859237,8.9752929,4707.6932,20420422,4017.75,11,11.080689,50.308717,366.5,0.077851292,2,25
322357,20310524,9.8925705,-8.574296,4992.0589,20410523,3652.5,10,13.732529,49.949802,273.5,0.054787014,2,25
322357,20310829,16.785282,-18.555202,4352.4108,20420829,4017.75,11,10.366551,50.97865,205.3,0.047169261,2,25
322357,20310901,17.174277,-18.170844,4318.4499,20410831,3652.5,10,12.953067,50.322104,227.3,0.052634627,2,25
322357,20310829,16.775224,-18.559868,4353.2918,20420829,4017.75,11,10.366784,50.978451,205.9,0.047297542,2,25
322357,20310901,17.179228,-18.164885,4318.0191,20410831,3652.5,10,12.952923,50.322148,227,0.052570402,2,25
322347,20330203,10.09852,28.1708,4971.8538,20440204,4017.75,11,10.850112,54.22412,506.6,0.101893583,2,25
322347,20330204,9.9108247,28.167152,4990.2653,20440205,4017.75,11,10.839619,54.165417,534.9,0.10718869,2,25
322237,20310105,4.7337539,27.196277,5522.1211,20420104,4017.75,11,9.1690743,69.178252,574.5,0.10403611,2,25
322237,20310104,4.7188418,26.853213,5523.7228,20420104,4017.75,11,9.16933,69.176887,576.7,0.104404225,2,25
322237,20310406,10.313475,11.768111,4950.8404,20420405,4017.75,11,8.7727346,69.652578,511.8,0.103376388,2,25
322237,20321205,12.187943,28.173701,4770.7975,20431205,4017.75,11,11.287167,55.433863,553.5,0.116018339,2,25
322237,20330102,9.0549568,-27.821871,5074.9673,20440103,4017.75,11,11.091924,55.328456,632.3,0.124591936,2,25
322257,20291107,7.2929787,-27.900941,5253.2891,20401107,4017.75,11,13.803725,47.644682,277.3,0.052785977,2,25
322257,20301209,3.4548224,-13.15383,5661.01,20411209,4017.75,11,11.787737,49.318032,598.3,0.105687854,2,25
322257,20291226,12.40821,11.505479,4750.0116,20401225,4017.75,11,13.974847,47.897385,428,0.090105043,2,25
322257,20301209,3.5533565,-4.8774434,5650.1987,20411208,4017.75,11,11.793661,49.317438,585.7,0.103660071,2,25
322257,20310212,5.60727,13.676048,5429.0387,20420212,4017.75,11,11.334008,49.393499,455.1,0.083826995,2,25
322257,20301216,21.307609,28.051984,3970.6172,20401216,3652.5,10,14.060836,47.903723,353,0.088903055,2,25
322257,20310405,8.8969678,13.338964,5090.7383,20420405,4017.75,11,11.657832,51.889842,446,0.087610082,2,25
322257,20310506,13.629601,6.4942006,4636.135,20420506,4017.75,11,11.403234,51.85152,435.6,0.093957575,2,25
322257,20310825,16.045269,-19.506422,4417.6206,20420825,4017.75,11,10.113635,49.678128,361.4,0.081808746,2,25
322257,20310831,16.917496,-18.624999,4340.8436,20410830,3652.5,10,12.550959,49.21727,351.2,0.080905933,2,25